<?xml version="1.0" encoding="UTF-8" standalone="yes"?>
<addon id="plugin.video.koality" name="koality" version="1.0.0" provider-name="Joshless">
  <requires>
    <import addon="xbmc.python" version="2.1.0"/>
  </requires>
  <extension point="xbmc.python.pluginsource" library="default.py">
        <provides>video executable</provides>
  </extension>
  <extension point="xbmc.addon.metadata">
    <summary lang="en">koality</summary>
    <description lang="en">koality</description>
	<website>https://github.com/Joshless</website>
    <platform>all</platform>
  </extension>
</addon>
