<?xml version="1.0" encoding="UTF-8" standalone="yes"?>
<addon id="koality" name="Koality Repo" version="1.0.1" provider-name="Joshless">
    <extension point="xbmc.addon.repository" name="koality">
        <dir>
            <info compressed="false">https://raw.githubusercontent.com/Joshless/koality/master/repo/zips/addons.xml</info>
            <checksum>https://raw.githubusercontent.com/Joshless/koality/master/repo/zips/addons.xml.md5</checksum>
            <datadir zip="true">https://raw.githubusercontent.com/Joshless/koality/master/repo/zips/</datadir>
        </dir>
    </extension>
    <extension point="xbmc.addon.metadata">
        <summary>Koality</summary>
        <description>Koality Build Repo</description>
        <disclaimer></disclaimer>
        <platform>all</platform>
        <assets>
            <icon>icon.png</icon>
            <fanart>fanart.jpg</fanart>
        </assets>
    </extension>
</addon>
